{
    "plddts": {
        "model_1": 94.46214580899039,
        "model_2": 94.72185668012804,
        "model_3": 93.82272833300055,
        "model_4": 93.39118538388297,
        "model_5": 93.628584141309
    },
    "order": [
        "model_2",
        "model_1",
        "model_3",
        "model_5",
        "model_4"
    ]
}