{
    "plddts": {
        "model_1": 85.48170366015873,
        "model_2": 83.65798344096491,
        "model_3": 84.33995613376268,
        "model_4": 84.62237425578505,
        "model_5": 82.95996710230756
    },
    "order": [
        "model_1",
        "model_4",
        "model_3",
        "model_2",
        "model_5"
    ]
}