{
    "plddts": {
        "model_1": 86.6898606174669,
        "model_2": 85.62890792707708,
        "model_3": 82.56829724164115,
        "model_4": 82.02393845782436,
        "model_5": 83.45026334821415
    },
    "order": [
        "model_1",
        "model_2",
        "model_5",
        "model_3",
        "model_4"
    ]
}