{
    "plddts": {
        "model_1": 83.40453832756835,
        "model_2": 83.37345170187878,
        "model_3": 83.30676386346211,
        "model_4": 83.43028651961883,
        "model_5": 83.89404288210852
    },
    "order": [
        "model_5",
        "model_4",
        "model_1",
        "model_2",
        "model_3"
    ]
}