{
    "plddts": {
        "model_1": 91.71556484865707,
        "model_2": 90.89496640829827,
        "model_3": 91.24959853434214,
        "model_4": 90.59265858729714,
        "model_5": 89.33970765883817
    },
    "order": [
        "model_1",
        "model_3",
        "model_2",
        "model_4",
        "model_5"
    ]
}