{
    "plddts": {
        "model_1": 89.47992906916099,
        "model_2": 90.05265748082677,
        "model_3": 91.07010245564476,
        "model_4": 88.96745284691329,
        "model_5": 90.40706884918478
    },
    "order": [
        "model_3",
        "model_5",
        "model_2",
        "model_1",
        "model_4"
    ]
}