{
    "plddts": {
        "model_1_pred_0": 89.64075266270726,
        "model_2_pred_0": 90.12297005799304,
        "model_3_pred_0": 90.33804579178494,
        "model_4_pred_0": 88.63056543977738,
        "model_5_pred_0": 90.56896454909074
    },
    "order": [
        "model_5_pred_0",
        "model_3_pred_0",
        "model_2_pred_0",
        "model_1_pred_0",
        "model_4_pred_0"
    ]
}