{
    "plddts": {
        "model_1": 96.45753330447867,
        "model_2": 97.04347047827072,
        "model_3": 96.68398209470134,
        "model_4": 96.52295247584777,
        "model_5": 96.27242489351322
    },
    "order": [
        "model_2",
        "model_3",
        "model_4",
        "model_1",
        "model_5"
    ]
}