{
    "plddts": {
        "model_1": 95.1385861417502,
        "model_2": 95.49073428283637,
        "model_3": 95.59902039920348,
        "model_4": 95.5529527696675,
        "model_5": 95.13034559681456
    },
    "order": [
        "model_3",
        "model_4",
        "model_2",
        "model_1",
        "model_5"
    ]
}