{
    "plddts": {
        "model_1": 89.77951145754211,
        "model_2": 90.15648134820547,
        "model_3": 89.2974812840491,
        "model_4": 89.69108364029135,
        "model_5": 90.0880520627469
    },
    "order": [
        "model_2",
        "model_5",
        "model_1",
        "model_4",
        "model_3"
    ]
}