{
    "plddts": {
        "model_1": 85.2025224119545,
        "model_2": 84.94726857638209,
        "model_3": 84.7476393031755,
        "model_4": 83.78624442145187,
        "model_5": 82.9973516828608
    },
    "order": [
        "model_1",
        "model_2",
        "model_3",
        "model_4",
        "model_5"
    ]
}