{
    "plddts": {
        "model_1": 97.17403019018448,
        "model_2": 97.14633356968963,
        "model_3": 96.76025684796902,
        "model_4": 96.3862322134808,
        "model_5": 96.55681595666837
    },
    "order": [
        "model_1",
        "model_2",
        "model_3",
        "model_5",
        "model_4"
    ]
}