{
    "plddts": {
        "model_1": 92.50306200244889,
        "model_2": 92.64440380478435,
        "model_3": 93.09293386029539,
        "model_4": 92.87530027149825,
        "model_5": 92.60849867904368
    },
    "order": [
        "model_3",
        "model_4",
        "model_2",
        "model_5",
        "model_1"
    ]
}