{
    "plddts": {
        "model_1": 95.92713602721136,
        "model_2": 96.20279213153152,
        "model_3": 96.16401405448478,
        "model_4": 96.2343031509469,
        "model_5": 95.99539457548467
    },
    "order": [
        "model_4",
        "model_2",
        "model_3",
        "model_5",
        "model_1"
    ]
}