{
    "plddts": {
        "model_1": 77.84908389641441,
        "model_2": 79.75688181318334,
        "model_3": 78.09674566163824,
        "model_4": 79.05572362590756,
        "model_5": 77.69397518425784
    },
    "order": [
        "model_2",
        "model_4",
        "model_3",
        "model_1",
        "model_5"
    ]
}