{
    "plddts": {
        "model_1": 89.78213803002151,
        "model_2": 89.08569399988887,
        "model_3": 90.02904629082185,
        "model_4": 89.8089957178939,
        "model_5": 89.23640611253963
    },
    "order": [
        "model_3",
        "model_4",
        "model_1",
        "model_5",
        "model_2"
    ]
}