{
    "plddts": {
        "model_1": 81.0302024621904,
        "model_2": 79.98459168368645,
        "model_3": 79.6385956229836,
        "model_4": 80.71963943364187,
        "model_5": 79.31783777067545
    },
    "order": [
        "model_1",
        "model_4",
        "model_2",
        "model_3",
        "model_5"
    ]
}