{
    "plddts": {
        "model_1": 67.92419132513444,
        "model_2": 66.41010505454003,
        "model_3": 64.63106505172458,
        "model_4": 65.9817756807677,
        "model_5": 64.77331727771228
    },
    "order": [
        "model_1",
        "model_2",
        "model_4",
        "model_5",
        "model_3"
    ]
}