{
    "plddts": {
        "model_1": 72.7731565549847,
        "model_2": 72.54933079319538,
        "model_3": 73.80237524206859,
        "model_4": 72.13221555778902,
        "model_5": 72.48360566221257
    },
    "order": [
        "model_3",
        "model_1",
        "model_2",
        "model_5",
        "model_4"
    ]
}