{
    "plddts": {
        "model_1": 95.6298459329156,
        "model_2": 95.68523619713626,
        "model_3": 95.50133643345977,
        "model_4": 94.88366310042974,
        "model_5": 94.99293567805525
    },
    "order": [
        "model_2",
        "model_1",
        "model_3",
        "model_5",
        "model_4"
    ]
}