{
    "plddts": {
        "model_1": 83.05661776792498,
        "model_2": 85.60082093065054,
        "model_3": 85.40054042611497,
        "model_4": 82.5100313569345,
        "model_5": 83.74547000924953
    },
    "order": [
        "model_2",
        "model_3",
        "model_5",
        "model_1",
        "model_4"
    ]
}