{
    "plddts": {
        "model_1": 72.11872150300786,
        "model_2": 68.12175281712716,
        "model_3": 69.2926959285588,
        "model_4": 69.60978428006344,
        "model_5": 68.60057570364911
    },
    "order": [
        "model_1",
        "model_4",
        "model_3",
        "model_5",
        "model_2"
    ]
}