{
    "plddts": {
        "model_1": 84.9870080426095,
        "model_2": 84.68706138088307,
        "model_3": 83.54693353567995,
        "model_4": 83.89090930918033,
        "model_5": 85.21712779116616
    },
    "order": [
        "model_5",
        "model_1",
        "model_2",
        "model_4",
        "model_3"
    ]
}