{
    "plddts": {
        "model_1": 88.12213140755598,
        "model_2": 85.48134548088638,
        "model_3": 90.06684704081331,
        "model_4": 89.43133926036673,
        "model_5": 88.35627288656516
    },
    "order": [
        "model_3",
        "model_4",
        "model_5",
        "model_1",
        "model_2"
    ]
}