{
    "plddts": {
        "model_1": 68.38599035440211,
        "model_2": 61.14814366594383,
        "model_3": 70.40620862222154,
        "model_4": 61.8446486933052,
        "model_5": 64.29872814004364
    },
    "order": [
        "model_3",
        "model_1",
        "model_5",
        "model_4",
        "model_2"
    ]
}