{
    "plddts": {
        "model_1": 94.20045424421994,
        "model_2": 94.54056172382643,
        "model_3": 94.85045690449829,
        "model_4": 94.42272047695452,
        "model_5": 94.88565858552838
    },
    "order": [
        "model_5",
        "model_3",
        "model_2",
        "model_4",
        "model_1"
    ]
}