{
    "plddts": {
        "model_1": 76.86322568850146,
        "model_2": 77.35348304423331,
        "model_3": 77.52416035528586,
        "model_4": 77.6909918757011,
        "model_5": 75.98342874784984
    },
    "order": [
        "model_4",
        "model_3",
        "model_2",
        "model_1",
        "model_5"
    ]
}