{
    "plddts": {
        "model_1_ptm": 78.08640422501112,
        "model_2_ptm": 78.3306353610383,
        "model_3_ptm": 81.07938897611605,
        "model_4_ptm": 79.83990373155714,
        "model_5_ptm": 81.58566045501996
    },
    "order": [
        "model_5_ptm",
        "model_3_ptm",
        "model_4_ptm",
        "model_2_ptm",
        "model_1_ptm"
    ]
}