{
    "plddts": {
        "model_1": 78.04160905734506,
        "model_2": 78.88935779020291,
        "model_3": 81.55906204618731,
        "model_4": 79.47466826723573,
        "model_5": 80.54393801934764
    },
    "order": [
        "model_3",
        "model_5",
        "model_4",
        "model_2",
        "model_1"
    ]
}