{
    "plddts": {
        "model_1": 87.02416605509792,
        "model_2": 87.28090492472093,
        "model_3": 86.6654450971101,
        "model_4": 86.8131883917273,
        "model_5": 84.18786753230037
    },
    "order": [
        "model_2",
        "model_1",
        "model_4",
        "model_3",
        "model_5"
    ]
}