{
    "plddts": {
        "model_1": 63.39183582050725,
        "model_2": 60.966779184872124,
        "model_3": 63.49716671138585,
        "model_4": 60.95498425423165,
        "model_5": 63.779514151307104
    },
    "order": [
        "model_5",
        "model_3",
        "model_1",
        "model_2",
        "model_4"
    ]
}