{
    "plddts": {
        "model_1": 79.71342795303742,
        "model_2": 80.67786023886771,
        "model_3": 80.64505424991226,
        "model_4": 79.2034454754432,
        "model_5": 79.69723209851777
    },
    "order": [
        "model_2",
        "model_3",
        "model_1",
        "model_5",
        "model_4"
    ]
}