{
    "plddts": {
        "model_1": 94.3001901304099,
        "model_2": 92.70141837565359,
        "model_3": 92.47299584908934,
        "model_4": 93.24675341725826,
        "model_5": 92.52364657884682
    },
    "order": [
        "model_1",
        "model_4",
        "model_2",
        "model_5",
        "model_3"
    ]
}