{
    "plddts": {
        "model_1": 75.13574209852241,
        "model_2": 75.8406393876971,
        "model_3": 75.2194248810192,
        "model_4": 74.97624644760182,
        "model_5": 74.05297735074271
    },
    "order": [
        "model_2",
        "model_3",
        "model_1",
        "model_4",
        "model_5"
    ]
}