{
    "plddts": {
        "model_1": 86.56875986717048,
        "model_2": 87.80896354376421,
        "model_3": 87.62450477921293,
        "model_4": 86.03695260192157,
        "model_5": 87.64340293959076
    },
    "order": [
        "model_2",
        "model_5",
        "model_3",
        "model_1",
        "model_4"
    ]
}